structure_name,left_cell_count,right_cell_count,total_cells,left_volume_mm3,right_volume_mm3,total_volume_mm3,left_cells_per_mm3,right_cells_per_mm3
"Primary visual area, layer 2/3",964.0,1.0,965.0,1.039674,1.256765,2.296439,927.2137227630969,0.7956937056649414
"Primary visual area, layer 5",644.0,6.0,650.0,0.962573,1.023235,1.985808,669.0401663042699,5.863755637756723
"Dorsal part of the lateral geniculate complex, core",371.0,0.0,371.0,0.250588,0.231837,0.482425,1480.517822082462,0.0
Lateral posterior nucleus of the thalamus,240.0,0.0,240.0,0.749769,0.7524219999999999,1.5021909999999998,320.09859036583265,0.0
"Primary visual area, layer 4",207.0,0.0,207.0,0.593823,0.684194,1.278017,348.5887208814748,0.0
"Retrosplenial area, ventral part, layer 5",162.0,0.0,162.0,0.88905,0.8820129999999999,1.7710629999999998,182.21697317361227,0.0
"Dorsal part of the lateral geniculate complex, shell",122.0,0.0,122.0,0.12114,0.116591,0.237731,1007.0992240383029,0.0
Lateral dorsal nucleus of thalamus,121.0,1.0,122.0,0.533014,0.5430699999999999,1.0760839999999998,227.01092279002054,1.841383247095218
"Retrosplenial area, dorsal part, layer 5",110.0,0.0,110.0,0.611166,0.624652,1.235818,179.98383417925737,0.0
"Retrosplenial area, dorsal part, layer 6a",89.0,0.0,89.0,0.4574669999999999,0.4409229999999999,0.8983899999999999,194.54955220813747,0.0
"Laterointermediate area, layer 5",53.0,0.0,53.0,0.085378,0.085951,0.171329,620.7688163227061,0.0
"Anterolateral visual area, layer 5",50.0,1.0,51.0,0.119015,0.123998,0.2430129999999999,420.1151115405621,8.064646203971032
"Primary visual area, layer 6a",48.0,3.0,51.0,0.656283,0.676439,1.332722,73.13917928698443,4.4349897034322385
"Retrosplenial area, ventral part, layer 6a",49.0,0.0,49.0,0.3828769999999999,0.370722,0.7535989999999999,127.97843693927818,0.0
optic radiation,48.0,0.0,48.0,1.032437,1.061228,2.093665,46.49194091261742,0.0
"posteromedial visual area, layer 5",46.0,0.0,46.0,0.144695,0.147035,0.29173,317.91008673416496,0.0
"Laterointermediate area, layer 4",41.0,0.0,41.0,0.030975,0.0322029999999999,0.063178,1323.6481033091202,0.0
"Lateral visual area, layer 5",37.0,2.0,39.0,0.1932259999999999,0.185826,0.3790519999999999,191.4856178775114,10.762756557209434
Diagonal band nucleus,31.0,6.0,37.0,0.3901139999999999,0.414618,0.804732,79.46395156287652,14.471151758968496
"Posterolateral visual area, layer 5",33.0,4.0,37.0,0.151949,0.155741,0.30769,217.17813213644052,25.683667113990538
Ventral anterior-lateral complex of the thalamus,31.0,0.0,31.0,0.4889159999999999,0.5006189999999999,0.9895349999999998,63.40557478176211,0.0
"Dorsal part of the lateral geniculate complex, ipsilateral zone",29.0,1.0,30.0,0.0583329999999999,0.055698,0.114031,497.1456979754179,17.95396603109627
"Laterointermediate area, layer 2/3",23.0,1.0,24.0,0.058334,0.061805,0.120139,394.2812082147633,16.17992071838848
"Primary auditory area, layer 5",23.0,1.0,24.0,0.3848419999999999,0.34585,0.7306919999999999,59.76478658774251,2.891426919184618
"Retrosplenial area, lateral agranular part, layer 5",23.0,0.0,23.0,0.342657,0.369987,0.712644,67.12251610210794,0.0
"Postrhinal area, layer 5",22.0,1.0,23.0,0.212922,0.216628,0.42955,103.32422201557378,4.616208431043079
fiber tracts,21.0,0.0,21.0,0.8123589999999999,0.854661,1.66702,25.850639926436468,0.0
"Primary visual area, layer 1",21.0,0.0,21.0,0.626365,0.7614799999999999,1.387845,33.52677751790091,0.0
"Dorsal auditory area, layer 5",19.0,1.0,20.0,0.209013,0.191388,0.400401,90.90343662834368,5.22498798252764
"Anteromedial visual area, layer 5",20.0,0.0,20.0,0.1077689999999999,0.1127939999999999,0.2205629999999999,185.5821247297462,0.0
"Retrosplenial area, ventral part, layer 2/3",18.0,0.0,18.0,0.493612,0.5006499999999999,0.994262,36.46588818748329,0.0
brachium of the superior colliculus,17.0,0.0,17.0,0.114878,0.119167,0.234045,147.98307769982068,0.0
"Anterior area, layer 5",17.0,0.0,17.0,0.1770709999999999,0.189972,0.367043,96.00668658334799,0.0
"Entorhinal area, lateral part, layer 5",6.0,10.0,16.0,0.7948609999999999,0.814051,1.608912,7.548489610133093,12.2842426334468
"Lateral visual area, layer 4",14.0,1.0,15.0,0.1031639999999999,0.102906,0.2060699999999999,135.7062541196543,9.717606359201602
"Temporal association areas, layer 5",15.0,0.0,15.0,0.508448,0.426554,0.935002,29.50154194725911,0.0
"Anterolateral visual area, layer 4",14.0,0.0,14.0,0.0575959999999999,0.064674,0.1222699999999999,243.072435585805,0.0
arbor vitae,2.0,10.0,12.0,3.289808,3.480291,6.770099,0.6079382140234324,2.873322949144195
Posterior complex of the thalamus,12.0,0.0,12.0,0.695904,0.693072,1.388976,17.243757759690993,0.0
"Anterolateral visual area, layer 2/3",12.0,0.0,12.0,0.0987619999999999,0.1171899999999999,0.2159519999999999,121.50422227172406,0.0
"Posterolateral visual area, layer 2/3",12.0,0.0,12.0,0.114517,0.108537,0.2230539999999999,104.78793541570248,0.0
Ventral medial nucleus of the thalamus,12.0,0.0,12.0,0.613694,0.628154,1.241848,19.55371895439747,0.0
Ventral posterolateral nucleus of the thalamus,11.0,0.0,11.0,0.4926279999999999,0.4912289999999999,0.983857,22.329222049903787,0.0
"Temporal association areas, layer 4",11.0,0.0,11.0,0.155394,0.13385,0.289244,70.78780390491268,0.0
"Retrosplenial area, dorsal part, layer 2/3",11.0,0.0,11.0,0.442777,0.433662,0.876439,24.843205496220445,0.0
"Temporal association areas, layer 2/3",11.0,0.0,11.0,0.332719,0.274032,0.606751,33.06093129637923,0.0
"Primary somatosensory area, barrel field, layer 5",9.0,0.0,9.0,0.7100529999999999,0.7451019999999999,1.455155,12.675110167832543,0.0
Area prostriata,9.0,0.0,9.0,0.156754,0.147274,0.3040279999999999,57.41480281204945,0.0
"Secondary motor area, layer 5",9.0,0.0,9.0,2.683835,2.627708,5.311543,3.353410325150391,0.0
Thalamus,9.0,0.0,9.0,0.537857,0.5392859999999999,1.077143,16.733072173458744,0.0
"Orbital area, ventrolateral part, layer 2/3",8.0,0.0,8.0,0.258031,0.259527,0.517558,31.004026647960902,0.0
"Postrhinal area, layer 6a",8.0,0.0,8.0,0.102611,0.105027,0.207638,77.96435080059643,0.0
Lateral preoptic area,6.0,2.0,8.0,0.353269,0.354823,0.7080919999999999,16.984224486156442,5.6366131846019005
"Anterior area, layer 2/3",7.0,0.0,7.0,0.175844,0.210337,0.386181,39.808011646686836,0.0
"Secondary motor area, layer 1",0.0,6.0,6.0,1.213338,1.164975,2.378313,0.0,5.150325114272838
Hypothalamus,6.0,0.0,6.0,1.597181,1.585594,3.182775,3.7566186925589524,0.0
"Entorhinal area, medial part, dorsal zone, layer 5",6.0,0.0,6.0,0.576751,0.638397,1.215148,10.403102898824622,0.0
"Anterior cingulate area, dorsal part, layer 5",6.0,0.0,6.0,0.634832,0.6329049999999999,1.267737,9.451319404188826,0.0
Parafascicular nucleus,6.0,0.0,6.0,0.2902969999999999,0.275178,0.565475,20.668487790090843,0.0
"Dorsal auditory area, layer 2/3",6.0,0.0,6.0,0.161776,0.154579,0.316355,37.0883196518643,0.0
Mediodorsal nucleus of thalamus,6.0,0.0,6.0,0.809665,0.8408089999999999,1.650474,7.410472232343007,0.0
"posteromedial visual area, layer 2/3",6.0,0.0,6.0,0.106389,0.1033999999999999,0.209789,56.39680794067056,0.0
"posteromedial visual area, layer 4",6.0,0.0,6.0,0.043775,0.0416179999999999,0.085393,137.06453455168474,0.0
Striatum,5.0,0.0,5.0,1.561362,1.549227,3.110589,3.2023323226772527,0.0
"Laterointermediate area, layer 6a",5.0,0.0,5.0,0.043086,0.0443099999999999,0.087396,116.04697581581024,0.0
Claustrum,5.0,0.0,5.0,0.250122,0.224303,0.474425,19.99024476055685,0.0
Superior central nucleus raphe,0.0,4.0,4.0,0.338086,0.356738,0.694824,0.0,11.21271072888226
Crus 1,0.0,4.0,4.0,2.830371,2.936233,5.766603999999999,0.0,1.3622897092975932
"Perirhinal area, layer 5",1.0,3.0,4.0,0.086063,0.072142,0.1582049999999999,11.619395094291392,41.58465249092068
Zona incerta,3.0,1.0,4.0,0.8887269999999999,0.8899699999999999,1.7786969999999998,3.3756147838425075,1.12363338090048
"Orbital area, ventrolateral part, layer 5",4.0,0.0,4.0,0.312898,0.3283089999999999,0.641207,12.78371865591982,0.0
"Orbital area, lateral part, layer 5",4.0,0.0,4.0,0.6419159999999999,0.648315,1.290231,6.231344911172179,0.0
"Retrosplenial area, lateral agranular part, layer 6a",4.0,0.0,4.0,0.242525,0.2460649999999999,0.4885899999999999,16.493145036594168,0.0
"Primary auditory area, layer 2/3",4.0,0.0,4.0,0.2184229999999999,0.185684,0.404107,18.313089738718002,0.0
"Primary auditory area, layer 6a",4.0,0.0,4.0,0.1490469999999999,0.152327,0.301374,26.837172167168763,0.0
"Retrosplenial area, lateral agranular part, layer 2/3",4.0,0.0,4.0,0.2385769999999999,0.2651179999999999,0.503695,16.7660755227872,0.0
"Supplemental somatosensory area, layer 5",4.0,0.0,4.0,1.2896729999999998,1.09494,2.384613,3.1015614035495824,0.0
Central lateral nucleus of the thalamus,4.0,0.0,4.0,0.2267479999999999,0.2260859999999999,0.4528339999999999,17.64072891491877,0.0
"Anteromedial visual area, layer 2/3",4.0,0.0,4.0,0.065719,0.076065,0.141784,60.86519880095558,0.0
"Primary somatosensory area, barrel field, layer 4",4.0,0.0,4.0,0.709386,0.791346,1.500732,5.638679083038008,0.0
supra-callosal cerebral white matter,4.0,0.0,4.0,0.6224419999999999,0.6687,1.2911419999999998,6.426301567053637,0.0
"Temporal association areas, layer 6a",4.0,0.0,4.0,0.280144,0.245888,0.526032,14.27837112342224,0.0
"Posterior auditory area, layer 2/3",4.0,0.0,4.0,0.067908,0.0759249999999999,0.143833,58.903222006243745,0.0
"Posterolateral visual area, layer 6a",4.0,0.0,4.0,0.071504,0.0725089999999999,0.144013,55.94092638174088,0.0
"Orbital area, lateral part, layer 2/3",3.0,0.0,3.0,0.32665,0.3260119999999999,0.652662,9.184142048063677,0.0
Parasubiculum,3.0,0.0,3.0,0.417963,0.520361,0.938324,7.177668836715212,0.0
root,2.0,1.0,3.0,1.626796,1.783313,3.410109,1.22941044851352,0.5607540571957923
"Anterior area, layer 6a",3.0,0.0,3.0,0.1237839999999999,0.1278679999999999,0.251652,24.235765527047135,0.0
"Rostrolateral area, layer 5",3.0,0.0,3.0,0.140864,0.167709,0.308573,21.297137664697868,0.0
"Lateral visual area, layer 6a",3.0,0.0,3.0,0.1193279999999999,0.121752,0.24108,25.140788415124717,0.0
"posteromedial visual area, layer 6a",3.0,0.0,3.0,0.07975,0.081591,0.161341,37.61755485893417,0.0
Lateral hypothalamic area,2.0,1.0,3.0,1.243001,1.215993,2.458994,1.6090091641116941,0.8223731551086231
"Primary visual area, layer 6b",3.0,0.0,3.0,0.0934929999999999,0.102186,0.195679,32.08796380477686,0.0
"Ventral auditory area, layer 6a",3.0,0.0,3.0,0.156255,0.1432,0.299455,19.19938561966017,0.0
"Lateral visual area, layer 2/3",3.0,0.0,3.0,0.154952,0.165411,0.320363,19.360834322887087,0.0
"Primary somatosensory area, barrel field, layer 2/3",3.0,0.0,3.0,0.759729,0.918308,1.678037,3.948776471610272,0.0
"Dorsal auditory area, layer 4",3.0,0.0,3.0,0.074053,0.070995,0.145048,40.51152552901301,0.0
"Anterior cingulate area, ventral part, layer 5",2.0,0.0,2.0,0.556452,0.510659,1.067111,3.5942003982374047,0.0
Medial vestibular nucleus,1.0,1.0,2.0,0.970255,0.97071,1.940965,1.0306568891683114,1.0301737903184267
Medial septal nucleus,0.0,2.0,2.0,0.2465909999999999,0.278121,0.524712,0.0,7.191114658727676
Perireunensis nucleus,2.0,0.0,2.0,0.0978059999999999,0.0916439999999999,0.1894499999999999,20.44864323252154,0.0
"Agranular insular area, dorsal part, layer 6a",2.0,0.0,2.0,0.3727109999999999,0.340593,0.7133039999999999,5.3660879340829775,0.0
"Anterior area, layer 4",2.0,0.0,2.0,0.0736609999999999,0.0819339999999999,0.1555949999999999,27.151409836955825,0.0
Magnocellular nucleus,2.0,0.0,2.0,0.2158419999999999,0.225053,0.440895,9.2660371938733,0.0
Postsubiculum,2.0,0.0,2.0,0.598923,0.622502,1.221425,3.3393274260631167,0.0
"Postrhinal area, layer 6b",2.0,0.0,2.0,0.018476,0.018944,0.0374199999999999,108.2485386447283,0.0
"Posterolateral visual area, layer 4",2.0,0.0,2.0,0.0211659999999999,0.0215379999999999,0.0427039999999999,94.49116507606584,0.0
"Entorhinal area, medial part, dorsal zone, layer 6",2.0,0.0,2.0,0.406703,0.418159,0.824862,4.917593428128143,0.0
"Temporal association areas, layer 6b",2.0,0.0,2.0,0.0453709999999999,0.041738,0.0871089999999999,44.08102091644452,0.0
"Postrhinal area, layer 4",2.0,0.0,2.0,0.031118,0.032126,0.063244,64.27148274310689,0.0
Pallidum,2.0,0.0,2.0,0.704673,0.71315,1.4178229999999998,2.8381958724117426,0.0
Medulla,2.0,0.0,2.0,1.4128159999999998,1.486182,2.898998,1.415612507219624,0.0
"Entorhinal area, medial part, dorsal zone, layer 3",2.0,0.0,2.0,0.558875,0.602353,1.161228,3.5786177588906285,0.0
Midbrain reticular nucleus,1.0,1.0,2.0,2.956088,3.023786,5.979874,0.33828492250569,0.33071123419448334
"Posterior auditory area, layer 5",2.0,0.0,2.0,0.09877,0.1054399999999999,0.20421,20.249063480814012,0.0
"Posterior auditory area, layer 6a",2.0,0.0,2.0,0.0394469999999999,0.0409669999999999,0.0804139999999999,50.70094050244645,0.0
Anterior pretectal nucleus,0.0,1.0,1.0,0.713842,0.696006,1.409848,0.0,1.4367692232538225
"Pontine reticular nucleus, caudal part",1.0,0.0,1.0,1.288117,1.316754,2.604871,0.7763269951409694,0.0
"Lateral visual area, layer 6b",1.0,0.0,1.0,0.0207849999999999,0.0221589999999999,0.0429439999999999,48.111618955978095,0.0
Paracentral nucleus,1.0,0.0,1.0,0.144888,0.144983,0.289871,6.901882833637017,0.0
"Posterolateral visual area, layer 1",1.0,0.0,1.0,0.102377,0.094817,0.1971939999999999,9.76781894370806,0.0
"Anterolateral visual area, layer 6b",1.0,0.0,1.0,0.0118009999999999,0.011979,0.02378,84.7385814761468,0.0
"Inferior colliculus, central nucleus",1.0,0.0,1.0,0.638586,0.613093,1.251679,1.56595979241637,0.0
"Ventral auditory area, layer 5",1.0,0.0,1.0,0.33835,0.268592,0.606942,2.955519432540269,0.0
"Anterolateral visual area, layer 6a",1.0,0.0,1.0,0.061602,0.061736,0.123338,16.233239180546086,0.0
Piriform area,0.0,1.0,1.0,5.959701,5.27074,11.230441,0.0,0.18972667974515914
"Anteromedial visual area, layer 4",1.0,0.0,1.0,0.0241599999999999,0.0251979999999999,0.049358,41.390728476821366,0.0
"Primary somatosensory area, mouth, layer 1",0.0,1.0,1.0,0.3504049999999999,0.3836529999999999,0.7340579999999999,0.0,2.606522039447105
"Agranular insular area, posterior part, layer 5",0.0,1.0,1.0,0.370314,0.3472869999999999,0.7176009999999999,0.0,2.8794628074186486
Parabrachial nucleus,0.0,1.0,1.0,0.49956,0.507813,1.007373,0.0,1.9692288302977672
Anteroventral nucleus of thalamus,0.0,1.0,1.0,0.227882,0.235179,0.463061,0.0,4.2520803303016
Lobule II,1.0,0.0,1.0,0.895384,0.910066,1.80545,1.1168392555596258,0.0
Principal sensory nucleus of the trigeminal,1.0,0.0,1.0,0.603826,0.590633,1.194459,1.656106229277971,0.0
Xiphoid thalamic nucleus,1.0,0.0,1.0,0.0458229999999999,0.0583529999999999,0.1041759999999999,21.82310193570919,0.0
"Anteromedial visual area, layer 6a",1.0,0.0,1.0,0.070404,0.073822,0.144226,14.203738423953185,0.0
Pons,1.0,0.0,1.0,1.934623,1.9663,3.900923,0.5168965736476823,0.0
"Primary somatosensory area, trunk, layer 5",1.0,0.0,1.0,0.174344,0.1870909999999999,0.3614349999999999,5.735786720506585,0.0
Midbrain,1.0,0.0,1.0,3.775374,3.844617,7.619991,0.2648744203885496,0.0
"Primary somatosensory area, barrel field, layer 6a",1.0,0.0,1.0,0.78967,0.825521,1.6151909999999998,1.266351767193891,0.0
"Rostrolateral area, layer 4",1.0,0.0,1.0,0.0823489999999999,0.108111,0.19046,12.14343829311833,0.0
dorsal limb,1.0,0.0,1.0,0.081147,0.067964,0.149111,12.323314478662182,0.0
"Posterior auditory area, layer 4",1.0,0.0,1.0,0.0376419999999999,0.0416399999999999,0.0792819999999999,26.566069815631547,0.0
Ectorhinal area/Layer 5,1.0,0.0,1.0,0.2749499999999999,0.229094,0.5040439999999999,3.6370249136206594,0.0
Substantia innominata,1.0,0.0,1.0,1.79174,1.817075,3.608815,0.5581166910377622,0.0
"Dorsal auditory area, layer 6a",1.0,0.0,1.0,0.1022879999999999,0.0954339999999999,0.1977219999999999,9.776317847645872,0.0
cingulum bundle,1.0,0.0,1.0,0.7069489999999999,0.7225509999999999,1.4295,1.414529195175324,0.0
internal capsule,1.0,0.0,1.0,1.354931,1.277548,2.632479,0.7380449631752465,0.0
Lobule III,1.0,0.0,1.0,1.644432,1.678977,3.323409,0.6081127100421301,0.0
"Supplemental somatosensory area, layer 6a",1.0,0.0,1.0,1.14813,1.032156,2.180286,0.8709815090625626,0.0
"Rostrolateral area, layer 6a",1.0,0.0,1.0,0.0844019999999999,0.095889,0.1802909999999999,11.848060472500666,0.0
"Orbital area, ventrolateral part, layer 1",1.0,0.0,1.0,0.196953,0.189243,0.386196,5.0773534802719436,0.0
"Anterior cingulate area, dorsal part, layer 2/3",1.0,0.0,1.0,0.289267,0.2945319999999999,0.583799,3.4570137623717883,0.0
"Anteromedial nucleus, ventral part",1.0,0.0,1.0,0.103521,0.102569,0.20609,9.659875773997546,0.0
Fastigial nucleus,0.0,1.0,1.0,0.2876829999999999,0.2904509999999999,0.5781339999999999,0.0,3.4429215254896706
"Tuberomammillary nucleus, ventral part",0.0,0.0,0.0,0.059481,0.0546629999999999,0.114144,0.0,0.0
"Primary somatosensory area, mouth, layer 6b",0.0,0.0,0.0,0.053957,0.0571239999999999,0.1110809999999999,0.0,0.0
"Primary somatosensory area, trunk, layer 6a",0.0,0.0,0.0,0.136508,0.140131,0.2766389999999999,0.0,0.0
"Superior colliculus, motor related, intermediate gray layer",0.0,0.0,0.0,1.177381,1.192473,2.369854,0.0,0.0
Interfascicular nucleus raphe,0.0,0.0,0.0,0.055845,0.06157,0.1174149999999999,0.0,0.0
Parataenial nucleus,0.0,0.0,0.0,0.121095,0.1128459999999999,0.2339409999999999,0.0,0.0
"Superior colliculus, motor related, intermediate white layer",0.0,0.0,0.0,1.12453,1.141727,2.266257,0.0,0.0
Induseum griseum,0.0,0.0,0.0,0.068895,0.0739259999999999,0.1428209999999999,0.0,0.0
"Entorhinal area, lateral part, layer 2",0.0,0.0,0.0,0.866251,0.8169989999999999,1.68325,0.0,0.0
Anterior amygdalar area,0.0,0.0,0.0,0.2784399999999999,0.26238,0.54082,0.0,0.0
"Superior colliculus, motor related, deep gray layer",0.0,0.0,0.0,0.665497,0.68458,1.350077,0.0,0.0
Intergeniculate leaflet of the lateral geniculate complex,0.0,0.0,0.0,0.043795,0.040018,0.083813,0.0,0.0
"Entorhinal area, lateral part, layer 6a",0.0,0.0,0.0,0.641367,0.640909,1.282276,0.0,0.0
"Periventricular hypothalamic nucleus, anterior part",0.0,0.0,0.0,0.026619,0.0268869999999999,0.053506,0.0,0.0
Oculomotor nucleus,0.0,0.0,0.0,0.01881,0.0183459999999999,0.0371559999999999,0.0,0.0
"Gustatory areas, layer 1",0.0,0.0,0.0,0.0847619999999999,0.09063,0.175392,0.0,0.0
Paraventricular hypothalamic nucleus,0.0,0.0,0.0,0.086312,0.085795,0.172107,0.0,0.0
"Superior colliculus, motor related, deep white layer",0.0,0.0,0.0,0.1847909999999999,0.191734,0.376525,0.0,0.0
Precommissural nucleus,0.0,0.0,0.0,0.093722,0.093333,0.187055,0.0,0.0
"Entorhinal area, lateral part, layer 3",0.0,0.0,0.0,0.7066279999999999,0.702581,1.409209,0.0,0.0
medial forebrain bundle,0.0,0.0,0.0,0.0300709999999999,0.030139,0.06021,0.0,0.0
Nucleus accumbens,0.0,0.0,0.0,2.565863,2.592199,5.158061999999999,0.0,0.0
Medial terminal nucleus of the accessory optic tract,0.0,0.0,0.0,0.026964,0.026794,0.053758,0.0,0.0
Intermediodorsal nucleus of the thalamus,0.0,0.0,0.0,0.1018999999999999,0.1192469999999999,0.2211469999999999,0.0,0.0
medial longitudinal fascicle,0.0,0.0,0.0,0.066384,0.0663919999999999,0.132776,0.0,0.0
"Paraventricular hypothalamic nucleus, descending division",0.0,0.0,0.0,0.076329,0.0749679999999999,0.151297,0.0,0.0
Anterodorsal nucleus,0.0,0.0,0.0,0.083642,0.090866,0.174508,0.0,0.0
Lateral terminal nucleus of the accessory optic tract,0.0,0.0,0.0,0.0119519999999999,0.01117,0.0231219999999999,0.0,0.0
Interstitial nucleus of Cajal,0.0,0.0,0.0,0.0431159999999999,0.049294,0.0924099999999999,0.0,0.0
"Frontal pole, layer 1",0.0,0.0,0.0,0.114505,0.09804,0.2125449999999999,0.0,0.0
Anterodorsal preoptic nucleus,0.0,0.0,0.0,0.0583949999999999,0.053841,0.112236,0.0,0.0
Dorsal terminal nucleus of the accessory optic tract,0.0,0.0,0.0,0.0068829999999999,0.007029,0.0139119999999999,0.0,0.0
middle cerebellar peduncle,0.0,0.0,0.0,0.4194839999999999,0.5012989999999999,0.920783,0.0,0.0
lateral ventricle,0.0,0.0,0.0,0.834274,0.903801,1.7380749999999998,0.0,0.0
Inferior olivary complex,0.0,0.0,0.0,0.157602,0.171906,0.329508,0.0,0.0
"Prelimbic area, layer 6a",0.0,0.0,0.0,0.237676,0.264088,0.501764,0.0,0.0
Anterior hypothalamic nucleus,0.0,0.0,0.0,0.423103,0.3968,0.819903,0.0,0.0
Interposed nucleus,0.0,0.0,0.0,0.4855799999999999,0.491174,0.976754,0.0,0.0
motor root of the trigeminal nerve,0.0,0.0,0.0,0.019972,0.024539,0.0445109999999999,0.0,0.0
Dorsal cochlear nucleus,0.0,0.0,0.0,0.3339169999999999,0.3303319999999999,0.6642489999999999,0.0,0.0
"Temporal association areas, layer 1",0.0,0.0,0.0,0.242365,0.193937,0.4363019999999999,0.0,0.0
subependymal zone,0.0,0.0,0.0,0.0505689999999999,0.050261,0.10083,0.0,0.0
Interpeduncular nucleus,0.0,0.0,0.0,0.006865,0.0078199999999999,0.0146849999999999,0.0,0.0
Ventral cochlear nucleus,0.0,0.0,0.0,0.474889,0.4978479999999999,0.972737,0.0,0.0
nigrostriatal tract,0.0,0.0,0.0,0.0742169999999999,0.067879,0.142096,0.0,0.0
"Superior olivary complex, medial part",0.0,0.0,0.0,0.1187869999999999,0.118834,0.2376209999999999,0.0,0.0
Inferior salivatory nucleus,0.0,0.0,0.0,0.0033799999999999,0.0035009999999999,0.006881,0.0,0.0
choroid plexus,0.0,0.0,0.0,0.588023,0.608107,1.19613,0.0,0.0
"Primary somatosensory area, lower limb, layer 2/3",0.0,0.0,0.0,0.309624,0.352499,0.662123,0.0,0.0
"Superior olivary complex, lateral part",0.0,0.0,0.0,0.175672,0.209731,0.385403,0.0,0.0
Trochlear nucleus,0.0,0.0,0.0,0.003984,0.0038139999999999,0.0077979999999999,0.0,0.0
optic chiasm,0.0,0.0,0.0,0.12443,0.1332549999999999,0.257685,0.0,0.0
"Periventricular hypothalamic nucleus, intermediate part",0.0,0.0,0.0,0.103851,0.106039,0.20989,0.0,0.0
"Agranular insular area, posterior part, layer 1",0.0,0.0,0.0,0.214784,0.179202,0.393986,0.0,0.0
"Superior olivary complex, periolivary region",0.0,0.0,0.0,0.2304999999999999,0.2274729999999999,0.4579729999999999,0.0,0.0
Koelliker-Fuse subnucleus,0.0,0.0,0.0,0.111925,0.1044809999999999,0.216406,0.0,0.0
optic tract,0.0,0.0,0.0,0.3078869999999999,0.353548,0.661435,0.0,0.0
"Periventricular hypothalamic nucleus, posterior part",0.0,0.0,0.0,0.036488,0.036926,0.073414,0.0,0.0
third ventricle,0.0,0.0,0.0,0.3492119999999999,0.4487029999999999,0.7979149999999999,0.0,0.0
Lateral amygdalar nucleus,0.0,0.0,0.0,0.392866,0.391546,0.784412,0.0,0.0
"Prelimbic area, layer 6b",0.0,0.0,0.0,0.0111189999999999,0.012966,0.024085,0.0,0.0
"Periventricular hypothalamic nucleus, preoptic part",0.0,0.0,0.0,0.059994,0.065236,0.12523,0.0,0.0
Intermediate reticular nucleus,0.0,0.0,0.0,1.068138,1.103226,2.171364,0.0,0.0
cerebral aqueduct,0.0,0.0,0.0,0.1131239999999999,0.13053,0.2436539999999999,0.0,0.0
"Nucleus ambiguus, ventral division",0.0,0.0,0.0,0.004775,0.006763,0.011538,0.0,0.0
fourth ventricle,0.0,0.0,0.0,0.198105,0.193356,0.391461,0.0,0.0
Pontine reticular nucleus,0.0,0.0,0.0,1.42383,1.417717,2.841547,0.0,0.0
Locus ceruleus,0.0,0.0,0.0,0.007969,0.008144,0.016113,0.0,0.0
"Gustatory areas, layer 4",0.0,0.0,0.0,0.068271,0.069321,0.137592,0.0,0.0
Paraventricular nucleus of the thalamus,0.0,0.0,0.0,0.198661,0.2157089999999999,0.41437,0.0,0.0
lateral recess,0.0,0.0,0.0,0.2030189999999999,0.2109889999999999,0.4140079999999999,0.0,0.0
posterior commissure,0.0,0.0,0.0,0.0285729999999999,0.0327369999999999,0.0613099999999999,0.0,0.0
Anterior olfactory nucleus,0.0,0.0,0.0,2.575249,2.720907,5.296156,0.0,0.0
Laterodorsal tegmental nucleus,0.0,0.0,0.0,0.111454,0.115607,0.227061,0.0,0.0
"Agranular insular area, posterior part, layer 2/3",0.0,0.0,0.0,0.409922,0.349978,0.7599,0.0,0.0
Nucleus prepositus,0.0,0.0,0.0,0.1053159999999999,0.1088649999999999,0.2141809999999999,0.0,0.0
"Prelimbic area, layer 1",0.0,0.0,0.0,0.212038,0.22541,0.437448,0.0,0.0
Retrochiasmatic area,0.0,0.0,0.0,0.085446,0.0873169999999999,0.172763,0.0,0.0
Nucleus of Roller,0.0,0.0,0.0,0.00113,0.0016929999999999,0.002823,0.0,0.0
Ventral part of the lateral geniculate complex,0.0,0.0,0.0,0.241135,0.248351,0.489486,0.0,0.0
"Gustatory areas, layer 2/3",0.0,0.0,0.0,0.179372,0.191462,0.370834,0.0,0.0
Nucleus of reuniens,0.0,0.0,0.0,0.252205,0.2462319999999999,0.498437,0.0,0.0
Lateral habenula,0.0,0.0,0.0,0.2155919999999999,0.221077,0.436669,0.0,0.0
"Gustatory areas, layer 5",0.0,0.0,0.0,0.261914,0.2515219999999999,0.513436,0.0,0.0
"Accessory olfactory bulb, glomerular layer",0.0,0.0,0.0,0.0884389999999999,0.08041,0.1688489999999999,0.0,0.0
Rhomboid nucleus,0.0,0.0,0.0,0.057224,0.0627969999999999,0.1200209999999999,0.0,0.0
pyramid,0.0,0.0,0.0,0.2098229999999999,0.227328,0.4371509999999999,0.0,0.0
"Accessory olfactory bulb, granular layer",0.0,0.0,0.0,0.1186199999999999,0.0999719999999999,0.2185919999999999,0.0,0.0
Rostral linear nucleus raphe,0.0,0.0,0.0,0.02664,0.034026,0.060666,0.0,0.0
Linear nucleus of the medulla,0.0,0.0,0.0,0.0338749999999999,0.032094,0.065969,0.0,0.0
"Accessory olfactory bulb, mitral layer",0.0,0.0,0.0,0.157384,0.138068,0.295452,0.0,0.0
Nucleus raphe magnus,0.0,0.0,0.0,0.061269,0.092529,0.153798,0.0,0.0
Lateral vestibular nucleus,0.0,0.0,0.0,0.1656109999999999,0.157434,0.3230449999999999,0.0,0.0
Lateral mammillary nucleus,0.0,0.0,0.0,0.044534,0.050183,0.094717,0.0,0.0
Red nucleus,0.0,0.0,0.0,0.493747,0.504626,0.998373,0.0,0.0
Superior vestibular nucleus,0.0,0.0,0.0,0.206087,0.202709,0.408796,0.0,0.0
Nucleus raphe obscurus,0.0,0.0,0.0,0.0120959999999999,0.023475,0.035571,0.0,0.0
Arcuate hypothalamic nucleus,0.0,0.0,0.0,0.125575,0.1236439999999999,0.2492189999999999,0.0,0.0
Spinal vestibular nucleus,0.0,0.0,0.0,0.3520649999999999,0.355581,0.707646,0.0,0.0
sensory root of the trigeminal nerve,0.0,0.0,0.0,0.2089899999999999,0.189331,0.398321,0.0,0.0
Nucleus raphe pallidus,0.0,0.0,0.0,0.0191539999999999,0.0286979999999999,0.0478519999999999,0.0,0.0
Anterior tegmental nucleus,0.0,0.0,0.0,0.0239109999999999,0.0238479999999999,0.0477589999999999,0.0,0.0
Nucleus raphe pontis,0.0,0.0,0.0,0.045048,0.048922,0.09397,0.0,0.0
"Dorsal auditory area, layer 6b",0.0,0.0,0.0,0.015908,0.01504,0.0309479999999999,0.0,0.0
"Midbrain reticular nucleus, retrorubral area",0.0,0.0,0.0,0.080422,0.084918,0.16534,0.0,0.0
"Lateral septal nucleus, caudal (caudodorsal) part",0.0,0.0,0.0,0.242275,0.2279419999999999,0.470217,0.0,0.0
"Lateral septal nucleus, rostral (rostroventral) part",0.0,0.0,0.0,1.169748,1.099349,2.269097,0.0,0.0
"Nucleus of the lateral olfactory tract, molecular layer",0.0,0.0,0.0,0.059885,0.056601,0.116486,0.0,0.0
Reticular nucleus of the thalamus,0.0,0.0,0.0,0.876185,0.891438,1.767623,0.0,0.0
Anteroventral preoptic nucleus,0.0,0.0,0.0,0.040983,0.04036,0.081343,0.0,0.0
"Lateral septal nucleus, ventral part",0.0,0.0,0.0,0.404337,0.369488,0.773825,0.0,0.0
"Nucleus of the lateral olfactory tract, pyramidal layer",0.0,0.0,0.0,0.082645,0.068155,0.1508,0.0,0.0
Nucleus sagulum,0.0,0.0,0.0,0.0505899999999999,0.048714,0.099304,0.0,0.0
Anteroventral periventricular nucleus,0.0,0.0,0.0,0.062624,0.062596,0.12522,0.0,0.0
"Retrosplenial area, lateral agranular part, layer 6b",0.0,0.0,0.0,0.01959,0.019814,0.0394039999999999,0.0,0.0
Barrington's nucleus,0.0,0.0,0.0,0.00958,0.009642,0.019222,0.0,0.0
"Anteromedial visual area, layer 1",0.0,0.0,0.0,0.033927,0.045762,0.079689,0.0,0.0
Suprachiasmatic nucleus,0.0,0.0,0.0,0.036763,0.037464,0.0742269999999999,0.0,0.0
Bed nucleus of the anterior commissure,0.0,0.0,0.0,0.005042,0.004598,0.00964,0.0,0.0
Bed nucleus of the accessory olfactory tract,0.0,0.0,0.0,0.012983,0.013163,0.026146,0.0,0.0
"Anterior cingulate area, ventral part, layer 2/3",0.0,0.0,0.0,0.274266,0.253362,0.527628,0.0,0.0
stria terminalis,0.0,0.0,0.0,0.183808,0.197604,0.381412,0.0,0.0
"Basolateral amygdalar nucleus, anterior part",0.0,0.0,0.0,0.428064,0.3717959999999999,0.79986,0.0,0.0
"Prelimbic area, layer 2/3",0.0,0.0,0.0,0.1866759999999999,0.1791259999999999,0.3658019999999999,0.0,0.0
Magnocellular reticular nucleus,0.0,0.0,0.0,0.3124719999999999,0.330038,0.6425099999999999,0.0,0.0
Septofimbrial nucleus,0.0,0.0,0.0,0.258421,0.274463,0.532884,0.0,0.0
"Basolateral amygdalar nucleus, posterior part",0.0,0.0,0.0,0.325308,0.332014,0.657322,0.0,0.0
"Agranular insular area, posterior part, layer 6a",0.0,0.0,0.0,0.2022739999999999,0.204348,0.406622,0.0,0.0
Supragenual nucleus,0.0,0.0,0.0,0.01005,0.009693,0.019743,0.0,0.0
"Primary motor area, Layer 1",0.0,0.0,0.0,0.648273,0.6768379999999999,1.325111,0.0,0.0
Subgeniculate nucleus,0.0,0.0,0.0,0.0145989999999999,0.014513,0.029112,0.0,0.0
Suprageniculate nucleus,0.0,0.0,0.0,0.110437,0.1065889999999999,0.217026,0.0,0.0
superior cerebelar peduncles,0.0,0.0,0.0,0.218435,0.226052,0.4444869999999999,0.0,0.0
"Basomedial amygdalar nucleus, anterior part",0.0,0.0,0.0,0.422791,0.338099,0.76089,0.0,0.0
"Agranular insular area, dorsal part, layer 2/3",0.0,0.0,0.0,0.4519169999999999,0.390682,0.8425989999999999,0.0,0.0
"Retrosplenial area, dorsal part, layer 6b",0.0,0.0,0.0,0.017741,0.017034,0.034775,0.0,0.0
Accessory supraoptic group,0.0,0.0,0.0,0.003787,0.0035299999999999,0.007317,0.0,0.0
Septohippocampal nucleus,0.0,0.0,0.0,0.0229459999999999,0.020075,0.043021,0.0,0.0
"Basomedial amygdalar nucleus, posterior part",0.0,0.0,0.0,0.377139,0.353577,0.7307159999999999,0.0,0.0
"Perirhinal area, layer 6a",0.0,0.0,0.0,0.028676,0.0224,0.0510759999999999,0.0,0.0
superior colliculus commissure,0.0,0.0,0.0,0.0158099999999999,0.017062,0.032872,0.0,0.0
Subfornical organ,0.0,0.0,0.0,0.0070979999999999,0.0076,0.014698,0.0,0.0
Subparaventricular zone,0.0,0.0,0.0,0.058808,0.0569789999999999,0.115787,0.0,0.0
supraoptic commissures,0.0,0.0,0.0,0.012173,0.013996,0.0261689999999999,0.0,0.0
Subceruleus nucleus,0.0,0.0,0.0,0.01639,0.0155609999999999,0.0319509999999999,0.0,0.0
Bed nuclei of the stria terminalis,0.0,0.0,0.0,0.8062619999999999,0.8018339999999999,1.6080959999999995,0.0,0.0
"Agranular insular area, posterior part, layer 6b",0.0,0.0,0.0,0.0095529999999999,0.009072,0.018625,0.0,0.0
Preparasubthalamic nucleus,0.0,0.0,0.0,0.0069149999999999,0.007585,0.0144999999999999,0.0,0.0
Sublaterodorsal nucleus,0.0,0.0,0.0,0.030827,0.0277339999999999,0.058561,0.0,0.0
"Prelimbic area, layer 5",0.0,0.0,0.0,0.4632639999999999,0.451455,0.914719,0.0,0.0
Parasubthalamic nucleus,0.0,0.0,0.0,0.106001,0.099202,0.205203,0.0,0.0
Submedial nucleus of the thalamus,0.0,0.0,0.0,0.185492,0.198237,0.383729,0.0,0.0
"Perirhinal area, layer 6b",0.0,0.0,0.0,0.0073269999999999,0.0056749999999999,0.013002,0.0,0.0
Infracerebellar nucleus,0.0,0.0,0.0,0.031777,0.0323079999999999,0.064085,0.0,0.0
"Substantia nigra, compact part",0.0,0.0,0.0,0.125145,0.1275619999999999,0.252707,0.0,0.0
"Substantia nigra, reticular part",0.0,0.0,0.0,0.98818,0.978801,1.966981,0.0,0.0
Field CA1,0.0,0.0,0.0,6.392602999999999,6.536798999999999,12.929402,0.0,0.0
Supraoptic nucleus,0.0,0.0,0.0,0.0214679999999999,0.024097,0.0455649999999999,0.0,0.0
"Posterolateral visual area, layer 6b",0.0,0.0,0.0,0.004879,0.0051779999999999,0.010057,0.0,0.0
ventral tegmental decussation,0.0,0.0,0.0,0.019452,0.0225649999999999,0.042017,0.0,0.0
Medial amygdalar nucleus,0.0,0.0,0.0,1.068668,0.997006,2.065674,0.0,0.0
vestibular nerve,0.0,0.0,0.0,0.106058,0.1133359999999999,0.2193939999999999,0.0,0.0
"Subparafascicular nucleus, magnocellular part",0.0,0.0,0.0,0.0394809999999999,0.0416049999999999,0.0810859999999999,0.0,0.0
"Lateral visual area, layer 1",0.0,0.0,0.0,0.0887,0.099205,0.187905,0.0,0.0
"Subparafascicular nucleus, parvicellular part",0.0,0.0,0.0,0.077139,0.070593,0.147732,0.0,0.0
Field CA2,0.0,0.0,0.0,0.293669,0.312268,0.605937,0.0,0.0
Ectorhinal area/Layer 2/3,0.0,0.0,0.0,0.2433439999999999,0.190761,0.4341049999999999,0.0,0.0
medial corticohypothalamic tract,0.0,0.0,0.0,0.004371,0.0039759999999999,0.008347,0.0,0.0
columns of the fornix,0.0,0.0,0.0,0.1595599999999999,0.153393,0.312953,0.0,0.0
"Spinal nucleus of the trigeminal, interpolar part",0.0,0.0,0.0,0.452509,0.633907,1.086416,0.0,0.0
"Orbital area, lateral part, layer 6a",0.0,0.0,0.0,0.257602,0.2893219999999999,0.546924,0.0,0.0
"Anteromedial visual area, layer 6b",0.0,0.0,0.0,0.012473,0.012513,0.024986,0.0,0.0
"Retrosplenial area, dorsal part, layer 1",0.0,0.0,0.0,0.475101,0.3559759999999999,0.831077,0.0,0.0
dorsal hippocampal commissure,0.0,0.0,0.0,0.533341,0.556925,1.090266,0.0,0.0
"Spinal nucleus of the trigeminal, oral part",0.0,0.0,0.0,0.525111,0.5270469999999999,1.052158,0.0,0.0
"Orbital area, lateral part, layer 1",0.0,0.0,0.0,0.179917,0.176896,0.356813,0.0,0.0
ventral hippocampal commissure,0.0,0.0,0.0,0.034919,0.03424,0.069159,0.0,0.0
"Primary somatosensory area, upper limb, layer 1",0.0,0.0,0.0,0.2281689999999999,0.268911,0.4970799999999999,0.0,0.0
"Basolateral amygdalar nucleus, ventral part",0.0,0.0,0.0,0.2266149999999999,0.209412,0.4360269999999999,0.0,0.0
Median preoptic nucleus,0.0,0.0,0.0,0.016009,0.02226,0.038269,0.0,0.0
"Posterior auditory area, layer 6b",0.0,0.0,0.0,0.0083319999999999,0.008633,0.016965,0.0,0.0
Midbrain trigeminal nucleus,0.0,0.0,0.0,0.004789,0.0051979999999999,0.009987,0.0,0.0
"Primary somatosensory area, trunk, layer 6b",0.0,0.0,0.0,0.0217009999999999,0.021657,0.0433579999999999,0.0,0.0
Field CA3,0.0,0.0,0.0,3.936262,3.909962,7.846223999999999,0.0,0.0
alveus,0.0,0.0,0.0,0.812097,0.829542,1.641639,0.0,0.0
"posteromedial visual area, layer 6b",0.0,0.0,0.0,0.014768,0.014669,0.0294369999999999,0.0,0.0
Subthalamic nucleus,0.0,0.0,0.0,0.130444,0.114965,0.245409,0.0,0.0
"Primary somatosensory area, lower limb, layer 6a",0.0,0.0,0.0,0.2870129999999999,0.318581,0.605594,0.0,0.0
brachium of the inferior colliculus,0.0,0.0,0.0,0.1133499999999999,0.1199679999999999,0.2333179999999999,0.0,0.0
Medial habenula,0.0,0.0,0.0,0.155187,0.170493,0.3256799999999999,0.0,0.0
"Orbital area, medial part, layer 1",0.0,0.0,0.0,0.185323,0.198089,0.383412,0.0,0.0
"Orbital area, lateral part, layer 6b",0.0,0.0,0.0,0.02429,0.0244619999999999,0.048752,0.0,0.0
Subiculum,0.0,0.0,0.0,1.3793879999999998,1.36463,2.744018,0.0,0.0
dorsal acoustic stria,0.0,0.0,0.0,0.006449,0.006415,0.012864,0.0,0.0
Main olfactory bulb,0.0,0.0,0.0,7.155798,5.668024,12.823822,0.0,0.0
"Primary somatosensory area, lower limb, layer 6b",0.0,0.0,0.0,0.0295409999999999,0.031388,0.060929,0.0,0.0
Cerebellum,0.0,0.0,0.0,0.3704389999999999,0.39854,0.768979,0.0,0.0
Medial preoptic nucleus,0.0,0.0,0.0,0.187713,0.178226,0.365939,0.0,0.0
Medial preoptic area,0.0,0.0,0.0,0.286925,0.280595,0.56752,0.0,0.0
Supramammillary nucleus,0.0,0.0,0.0,0.1524059999999999,0.159462,0.311868,0.0,0.0
"Entorhinal area, medial part, dorsal zone, layer 1",0.0,0.0,0.0,0.581428,0.591116,1.1725439999999998,0.0,0.0
"Dorsal auditory area, layer 1",0.0,0.0,0.0,0.0918239999999999,0.085454,0.177278,0.0,0.0
dorsal fornix,0.0,0.0,0.0,0.0231749999999999,0.023177,0.046352,0.0,0.0
Medial pretectal area,0.0,0.0,0.0,0.025044,0.027537,0.052581,0.0,0.0
Supratrigeminal nucleus,0.0,0.0,0.0,0.157837,0.156966,0.314803,0.0,0.0
"Perirhinal area, layer 1",0.0,0.0,0.0,0.106668,0.094385,0.2010529999999999,0.0,0.0
"Retrosplenial area, ventral part, layer 1",0.0,0.0,0.0,0.4491139999999999,0.488321,0.937435,0.0,0.0
"Entorhinal area, medial part, dorsal zone, layer 2",0.0,0.0,0.0,0.6359079999999999,0.658264,1.294172,0.0,0.0
"Central amygdalar nucleus, capsular part",0.0,0.0,0.0,0.1732719999999999,0.1571,0.330372,0.0,0.0
"Retrosplenial area, dorsal part, layer 4",0.0,0.0,0.0,1e-06,1e-06,2e-06,0.0,0.0
"Central amygdalar nucleus, lateral part",0.0,0.0,0.0,0.142685,0.1311719999999999,0.273857,0.0,0.0
dorsal spinocerebellar tract,0.0,0.0,0.0,0.037457,0.042716,0.080173,0.0,0.0
"Infralimbic area, layer 2/3",0.0,0.0,0.0,0.0699999999999999,0.069607,0.1396069999999999,0.0,0.0
"Primary somatosensory area, nose, layer 1",0.0,0.0,0.0,0.1857639999999999,0.2085139999999999,0.3942779999999999,0.0,0.0
"Central amygdalar nucleus, medial part",0.0,0.0,0.0,0.439179,0.392432,0.831611,0.0,0.0
Postpiriform transition area,0.0,0.0,0.0,0.689298,0.671821,1.361119,0.0,0.0
Tegmental reticular nucleus,0.0,0.0,0.0,0.434979,0.428565,0.863544,0.0,0.0
Accessory facial motor nucleus,0.0,0.0,0.0,0.0032159999999999,0.0032259999999999,0.006442,0.0,0.0
"Primary somatosensory area, upper limb, layer 4",0.0,0.0,0.0,0.2734729999999999,0.307542,0.581015,0.0,0.0
external capsule,0.0,0.0,0.0,0.461267,0.4268019999999999,0.888069,0.0,0.0
Nucleus of the brachium of the inferior colliculus,0.0,0.0,0.0,0.051004,0.054868,0.105872,0.0,0.0
Triangular nucleus of septum,0.0,0.0,0.0,0.174488,0.181562,0.35605,0.0,0.0
"Orbital area, medial part, layer 2/3",0.0,0.0,0.0,0.1386949999999999,0.135575,0.27427,0.0,0.0
Nucleus of Darkschewitsch,0.0,0.0,0.0,0.0519769999999999,0.0561389999999999,0.1081159999999999,0.0,0.0
"Anterior cingulate area, ventral part, layer 1",0.0,0.0,0.0,0.2353029999999999,0.257081,0.492384,0.0,0.0
Central linear nucleus raphe,0.0,0.0,0.0,0.041513,0.04546,0.086973,0.0,0.0
fasciculus retroflexus,0.0,0.0,0.0,0.094523,0.091097,0.18562,0.0,0.0
"Taenia tecta, dorsal part",0.0,0.0,0.0,0.369256,0.3787109999999999,0.7479669999999999,0.0,0.0
"Ventral auditory area, layer 6b",0.0,0.0,0.0,0.023357,0.023502,0.046859,0.0,0.0
Central medial nucleus of the thalamus,0.0,0.0,0.0,0.164878,0.1791839999999999,0.344062,0.0,0.0
fimbria,0.0,0.0,0.0,0.7695139999999999,0.8419139999999999,1.611428,0.0,0.0
Nucleus incertus,0.0,0.0,0.0,0.060856,0.063775,0.1246309999999999,0.0,0.0
"Taenia tecta, ventral part",0.0,0.0,0.0,0.245449,0.290375,0.535824,0.0,0.0
"Orbital area, ventrolateral part, layer 6a",0.0,0.0,0.0,0.1239329999999999,0.146777,0.27071,0.0,0.0
Subparafascicular area,0.0,0.0,0.0,0.0668199999999999,0.0726059999999999,0.139426,0.0,0.0
habenular commissure,0.0,0.0,0.0,0.020928,0.02378,0.044708,0.0,0.0
Nucleus of the lateral lemniscus,0.0,0.0,0.0,0.340005,0.391963,0.731968,0.0,0.0
Tuberal nucleus,0.0,0.0,0.0,0.32186,0.3026899999999999,0.6245499999999999,0.0,0.0
Cuneiform nucleus,0.0,0.0,0.0,0.29897,0.3005629999999999,0.599533,0.0,0.0
"Orbital area, medial part, layer 5",0.0,0.0,0.0,0.216698,0.2123769999999999,0.429075,0.0,0.0
Motor nucleus of trigeminal,0.0,0.0,0.0,0.22371,0.258525,0.4822349999999999,0.0,0.0
"Retrosplenial area, ventral part, layer 6b",0.0,0.0,0.0,0.0261379999999999,0.025216,0.051354,0.0,0.0
"Primary somatosensory area, upper limb, layer 5",0.0,0.0,0.0,0.438932,0.470387,0.909319,0.0,0.0
Nucleus of the optic tract,0.0,0.0,0.0,0.1150969999999999,0.115994,0.231091,0.0,0.0
"Dentate gyrus, granule cell layer",0.0,0.0,0.0,0.911322,0.924834,1.836156,0.0,0.0
inferior colliculus commissure,0.0,0.0,0.0,0.008929,0.00997,0.018899,0.0,0.0
Nucleus of the posterior commissure,0.0,0.0,0.0,0.171683,0.181133,0.352816,0.0,0.0
"Gustatory areas, layer 6a",0.0,0.0,0.0,0.200348,0.191794,0.392142,0.0,0.0
"Cortical amygdalar area, anterior part",0.0,0.0,0.0,0.425602,0.34287,0.768472,0.0,0.0
Nucleus of the trapezoid body,0.0,0.0,0.0,0.0920899999999999,0.086833,0.178923,0.0,0.0
"Primary motor area, Layer 5",0.0,0.0,0.0,1.848679,1.765397,3.614076,0.0,0.0
Nucleus of the solitary tract,0.0,0.0,0.0,0.189134,0.210536,0.3996699999999999,0.0,0.0
Abducens nucleus,0.0,0.0,0.0,0.013136,0.012851,0.025987,0.0,0.0
"Primary somatosensory area, nose, layer 4",0.0,0.0,0.0,0.308292,0.3150739999999999,0.623366,0.0,0.0
"Cortical amygdalar area, posterior part, lateral zone",0.0,0.0,0.0,0.621736,0.576696,1.198432,0.0,0.0
"Primary somatosensory area, mouth, layer 2/3",0.0,0.0,0.0,0.715071,0.7656189999999999,1.48069,0.0,0.0
lateral lemniscus,0.0,0.0,0.0,0.4077179999999999,0.4471199999999999,0.854838,0.0,0.0
Facial motor nucleus,0.0,0.0,0.0,0.471998,0.4818119999999999,0.95381,0.0,0.0
"Gustatory areas, layer 6b",0.0,0.0,0.0,0.017194,0.016471,0.033665,0.0,0.0
"Cortical amygdalar area, posterior part, medial zone",0.0,0.0,0.0,0.6769,0.659028,1.335928,0.0,0.0
"lateral olfactory tract, body",0.0,0.0,0.0,0.447895,0.413081,0.860976,0.0,0.0
"Frontal pole, layer 2/3",0.0,0.0,0.0,0.1115869999999999,0.0945739999999999,0.2061609999999999,0.0,0.0
"Primary somatosensory area, trunk, layer 2/3",0.0,0.0,0.0,0.171176,0.204734,0.3759099999999999,0.0,0.0
"Retrosplenial area, lateral agranular part, layer 1",0.0,0.0,0.0,0.168949,0.1834559999999999,0.3524049999999999,0.0,0.0
Caudoputamen,0.0,0.0,0.0,14.761803,15.043689,29.805492,0.0,0.0
mammillary peduncle,0.0,0.0,0.0,0.019051,0.019216,0.0382669999999999,0.0,0.0
"Agranular insular area, ventral part, layer 6a",0.0,0.0,0.0,0.077452,0.062129,0.1395809999999999,0.0,0.0
"Orbital area, ventrolateral part, layer 6b",0.0,0.0,0.0,0.005013,0.005749,0.010762,0.0,0.0
mammillotegmental tract,0.0,0.0,0.0,0.036044,0.0366849999999999,0.0727289999999999,0.0,0.0
Ventrolateral preoptic nucleus,0.0,0.0,0.0,0.029089,0.030878,0.059967,0.0,0.0
mammillothalamic tract,0.0,0.0,0.0,0.075054,0.076163,0.151217,0.0,0.0
Ventromedial hypothalamic nucleus,0.0,0.0,0.0,0.342779,0.342213,0.684992,0.0,0.0
"Agranular insular area, ventral part, layer 2/3",0.0,0.0,0.0,0.304114,0.226677,0.530791,0.0,0.0
"Posterior auditory area, layer 1",0.0,0.0,0.0,0.0493949999999999,0.0540989999999999,0.1034939999999999,0.0,0.0
medial lemniscus,0.0,0.0,0.0,0.375249,0.353411,0.72866,0.0,0.0
Olfactory areas,0.0,0.0,0.0,2.239071,2.134034,4.373105,0.0,0.0
"Agranular insular area, ventral part, layer 6b",0.0,0.0,0.0,0.00149,0.001304,0.002794,0.0,0.0
"Primary somatosensory area, nose, layer 5",0.0,0.0,0.0,0.34818,0.3323029999999999,0.680483,0.0,0.0
Cortical subplate,0.0,0.0,0.0,0.187443,0.1840119999999999,0.371455,0.0,0.0
"Agranular insular area, ventral part, layer 1",0.0,0.0,0.0,0.1244779999999999,0.0985979999999999,0.223076,0.0,0.0
Olivary pretectal nucleus,0.0,0.0,0.0,0.033109,0.034921,0.06803,0.0,0.0
"Infralimbic area, layer 1",0.0,0.0,0.0,0.070271,0.080052,0.1503229999999999,0.0,0.0
"Ventral posterolateral nucleus of the thalamus, parvicellular part",0.0,0.0,0.0,0.060891,0.055614,0.116505,0.0,0.0
"Medial mammillary nucleus, median part",0.0,0.0,0.0,0.0414449999999999,0.047826,0.0892709999999999,0.0,0.0
Ventral posteromedial nucleus of the thalamus,0.0,0.0,0.0,0.8798039999999999,0.906497,1.786301,0.0,0.0
"Primary auditory area, layer 1",0.0,0.0,0.0,0.166258,0.141629,0.307887,0.0,0.0
"Ventral posteromedial nucleus of the thalamus, parvicellular part",0.0,0.0,0.0,0.137261,0.140932,0.278193,0.0,0.0
cerebellar commissure,0.0,0.0,0.0,0.043275,0.040706,0.083981,0.0,0.0
Ventral tegmental area,0.0,0.0,0.0,0.264594,0.2682239999999999,0.532818,0.0,0.0
principal mammillary tract,0.0,0.0,0.0,0.022375,0.020821,0.043196,0.0,0.0
Olfactory tubercle,0.0,0.0,0.0,2.179825,2.087685,4.26751,0.0,0.0
"Ventral auditory area, layer 2/3",0.0,0.0,0.0,0.1762979999999999,0.131529,0.3078269999999999,0.0,0.0
Ventral tegmental nucleus,0.0,0.0,0.0,0.020886,0.019877,0.0407629999999999,0.0,0.0
Vascular organ of the lamina terminalis,0.0,0.0,0.0,0.002198,0.003116,0.0053139999999999,0.0,0.0
Nucleus x,0.0,0.0,0.0,0.034169,0.026923,0.0610919999999999,0.0,0.0
Hypoglossal nucleus,0.0,0.0,0.0,0.002853,0.0051589999999999,0.008012,0.0,0.0
Posterior amygdalar nucleus,0.0,0.0,0.0,0.581898,0.510869,1.092767,0.0,0.0
Nucleus y,0.0,0.0,0.0,0.013554,0.01368,0.027234,0.0,0.0
corticospinal tract,0.0,0.0,0.0,0.0545239999999999,0.049267,0.103791,0.0,0.0
Piriform-amygdalar area,0.0,0.0,0.0,0.638304,0.5427799999999999,1.1810839999999998,0.0,0.0
spinal tract of the trigeminal nerve,0.0,0.0,0.0,0.511544,0.5598489999999999,1.071393,0.0,0.0
Periaqueductal gray,0.0,0.0,0.0,2.270968,2.317082,4.58805,0.0,0.0
facial nerve,0.0,0.0,0.0,0.042074,0.0407649999999999,0.082839,0.0,0.0
"Agranular insular area, ventral part, layer 5",0.0,0.0,0.0,0.364206,0.265765,0.629971,0.0,0.0
stria medullaris,0.0,0.0,0.0,0.139169,0.154017,0.2931859999999999,0.0,0.0
Fields of Forel,0.0,0.0,0.0,0.126904,0.118783,0.245687,0.0,0.0
"posteromedial visual area, layer 1",0.0,0.0,0.0,0.0558909999999999,0.0604009999999999,0.1162919999999999,0.0,0.0
"Supplemental somatosensory area, layer 2/3",0.0,0.0,0.0,0.953757,1.005653,1.95941,0.0,0.0
"Anterior cingulate area, ventral part, 6a",0.0,0.0,0.0,0.196576,0.188042,0.384618,0.0,0.0
superior cerebellar peduncle decussation,0.0,0.0,0.0,0.022352,0.026029,0.048381,0.0,0.0
Dorsal peduncular area,0.0,0.0,0.0,0.25822,0.2620059999999999,0.520226,0.0,0.0
"Primary auditory area, layer 4",0.0,0.0,0.0,0.117752,0.100852,0.218604,0.0,0.0
"Anterior cingulate area, ventral part, 6b",0.0,0.0,0.0,0.032541,0.032081,0.064622,0.0,0.0
"Inferior colliculus, dorsal nucleus",0.0,0.0,0.0,0.672192,0.706884,1.379076,0.0,0.0
"Infralimbic area, layer 5",0.0,0.0,0.0,0.165396,0.166041,0.331437,0.0,0.0
"Inferior colliculus, external nucleus",0.0,0.0,0.0,0.903541,0.902305,1.805846,0.0,0.0
Dorsomedial nucleus of the hypothalamus,0.0,0.0,0.0,0.2063279999999999,0.215522,0.4218499999999999,0.0,0.0
"Agranular insular area, dorsal part, layer 6b",0.0,0.0,0.0,0.02243,0.020345,0.0427749999999999,0.0,0.0
oculomotor nerve,0.0,0.0,0.0,0.005833,0.004938,0.010771,0.0,0.0
"Superior colliculus, zonal layer",0.0,0.0,0.0,0.193582,0.208733,0.402315,0.0,0.0
Ectorhinal area/Layer 1,0.0,0.0,0.0,0.129402,0.0999419999999999,0.229344,0.0,0.0
"Primary somatosensory area, nose, layer 2/3",0.0,0.0,0.0,0.310747,0.3410149999999999,0.651762,0.0,0.0
Dorsal motor nucleus of the vagus nerve,0.0,0.0,0.0,0.0153289999999999,0.018504,0.033833,0.0,0.0
trapezoid body,0.0,0.0,0.0,0.154326,0.157745,0.312071,0.0,0.0
"Superior colliculus, superficial gray layer",0.0,0.0,0.0,0.6842269999999999,0.708455,1.3926819999999998,0.0,0.0
"Primary motor area, Layer 6a",0.0,0.0,0.0,1.719878,1.70675,3.426628,0.0,0.0
Dentate nucleus,0.0,0.0,0.0,0.1858439999999999,0.200016,0.38586,0.0,0.0
optic nerve,0.0,0.0,0.0,0.0251729999999999,0.025113,0.050286,0.0,0.0
"Visceral area, layer 6b",0.0,0.0,0.0,0.027454,0.023134,0.0505879999999999,0.0,0.0
uncinate fascicle,0.0,0.0,0.0,0.0403979999999999,0.0368859999999999,0.0772839999999999,0.0,0.0
"Superior colliculus, optic layer",0.0,0.0,0.0,0.446136,0.432422,0.878558,0.0,0.0
Parvicellular reticular nucleus,0.0,0.0,0.0,1.091249,1.079157,2.170406,0.0,0.0
"Primary somatosensory area, upper limb, layer 2/3",0.0,0.0,0.0,0.484703,0.569356,1.054059,0.0,0.0
"Visceral area, layer 6a",0.0,0.0,0.0,0.296568,0.2407069999999999,0.537275,0.0,0.0
rubrospinal tract,0.0,0.0,0.0,0.257936,0.259733,0.5176689999999999,0.0,0.0
ventral spinocerebellar tract,0.0,0.0,0.0,0.119381,0.1157059999999999,0.235087,0.0,0.0
Dorsal nucleus raphe,0.0,0.0,0.0,0.065255,0.0808909999999999,0.146146,0.0,0.0
"Supplemental somatosensory area, layer 1",0.0,0.0,0.0,0.515357,0.569153,1.08451,0.0,0.0
Parabigeminal nucleus,0.0,0.0,0.0,0.020301,0.022303,0.042604,0.0,0.0
Dorsal tegmental nucleus,0.0,0.0,0.0,0.0624539999999999,0.060457,0.1229109999999999,0.0,0.0
"Primary motor area, Layer 6b",0.0,0.0,0.0,0.11108,0.113257,0.224337,0.0,0.0
amygdalar capsule,0.0,0.0,0.0,0.079603,0.078001,0.157604,0.0,0.0
"Perirhinal area, layer 2/3",0.0,0.0,0.0,0.166478,0.143914,0.310392,0.0,0.0
"Primary somatosensory area, nose, layer 6a",0.0,0.0,0.0,0.454839,0.4876939999999999,0.942533,0.0,0.0
"Supplemental somatosensory area, layer 6b",0.0,0.0,0.0,0.106363,0.106386,0.212749,0.0,0.0
"Visceral area, layer 1",0.0,0.0,0.0,0.142923,0.1224359999999999,0.265359,0.0,0.0
Pontine central gray,0.0,0.0,0.0,0.3224599999999999,0.309266,0.631726,0.0,0.0
"anterior commissure, olfactory limb",0.0,0.0,0.0,0.412437,0.404816,0.817253,0.0,0.0
External cuneate nucleus,0.0,0.0,0.0,0.0097749999999999,0.02477,0.034545,0.0,0.0
"anterior commissure, temporal limb",0.0,0.0,0.0,0.1213289999999999,0.119473,0.240802,0.0,0.0
"Orbital area, medial part, layer 6a",0.0,0.0,0.0,0.093092,0.1018049999999999,0.194897,0.0,0.0
trochlear nerve,0.0,0.0,0.0,0.003951,0.0041719999999999,0.0081229999999999,0.0,0.0
Lingula (I),0.0,0.0,0.0,0.0591789999999999,0.058565,0.1177439999999999,0.0,0.0
Posterodorsal preoptic nucleus,0.0,0.0,0.0,0.0070209999999999,0.0063679999999999,0.0133889999999999,0.0,0.0
"Anterior cingulate area, dorsal part, layer 6a",0.0,0.0,0.0,0.408859,0.399452,0.808311,0.0,0.0
cerebal peduncle,0.0,0.0,0.0,0.509251,0.504593,1.013844,0.0,0.0
"Anterior cingulate area, dorsal part, layer 6b",0.0,0.0,0.0,0.0140349999999999,0.013763,0.0277979999999999,0.0,0.0
"Primary somatosensory area, nose, layer 6b",0.0,0.0,0.0,0.028357,0.0349709999999999,0.063328,0.0,0.0
Pontine gray,0.0,0.0,0.0,0.5951219999999999,0.632975,1.228097,0.0,0.0
"Anterior cingulate area, dorsal part, layer 1",0.0,0.0,0.0,0.262934,0.297627,0.560561,0.0,0.0
Declive (VI),0.0,0.0,0.0,0.945538,1.090347,2.035885,0.0,0.0
"Nucleus ambiguus, dorsal division",0.0,0.0,0.0,0.014247,0.011784,0.026031,0.0,0.0
"Primary motor area, Layer 2/3",0.0,0.0,0.0,1.870795,1.927288,3.798083,0.0,0.0
"Primary somatosensory area, upper limb, layer 6a",0.0,0.0,0.0,0.559701,0.621613,1.181314,0.0,0.0
Posterior hypothalamic nucleus,0.0,0.0,0.0,0.4330449999999999,0.4448769999999999,0.8779219999999999,0.0,0.0
vomeronasal nerve,0.0,0.0,0.0,0.009564,0.009103,0.018667,0.0,0.0
"Primary somatosensory area, mouth, layer 4",0.0,0.0,0.0,0.5149739999999999,0.50145,1.0164239999999998,0.0,0.0
"Endopiriform nucleus, dorsal part",0.0,0.0,0.0,0.88064,0.891048,1.771688,0.0,0.0
"Lateral reticular nucleus, magnocellular part",0.0,0.0,0.0,0.028967,0.059376,0.088343,0.0,0.0
"corpus callosum, anterior forceps",0.0,0.0,0.0,0.475165,0.51395,0.989115,0.0,0.0
Uvula (IX),0.0,0.0,0.0,0.0576799999999999,0.0925469999999999,0.150227,0.0,0.0
"Ventral auditory area, layer 1",0.0,0.0,0.0,0.1213689999999999,0.091279,0.212648,0.0,0.0
"Secondary motor area, layer 2/3",0.0,0.0,0.0,2.100103,2.030824,4.130927,0.0,0.0
"Lateral reticular nucleus, parvicellular part",0.0,0.0,0.0,0.025509,0.0260439999999999,0.051553,0.0,0.0
"corpus callosum, extreme capsule",0.0,0.0,0.0,0.0424499999999999,0.0436159999999999,0.0860659999999999,0.0,0.0
"Endopiriform nucleus, ventral part",0.0,0.0,0.0,0.491004,0.476184,0.967188,0.0,0.0
Nodulus (X),0.0,0.0,0.0,0.7000219999999999,0.7899579999999999,1.48998,0.0,0.0
"Paragigantocellular reticular nucleus, dorsal part",0.0,0.0,0.0,0.115377,0.1068409999999999,0.2222179999999999,0.0,0.0
"corpus callosum, posterior forceps",0.0,0.0,0.0,0.7368009999999999,0.784808,1.5216089999999998,0.0,0.0
"Primary somatosensory area, mouth, layer 5",0.0,0.0,0.0,0.688731,0.6286539999999999,1.3173849999999998,0.0,0.0
Edinger-Westphal nucleus,0.0,0.0,0.0,0.012463,0.017839,0.030302,0.0,0.0
Ectorhinal area/Layer 6a,0.0,0.0,0.0,0.196102,0.178285,0.374387,0.0,0.0
"Paragigantocellular reticular nucleus, lateral part",0.0,0.0,0.0,0.354216,0.359078,0.713294,0.0,0.0
Dorsal premammillary nucleus,0.0,0.0,0.0,0.08069,0.080605,0.161295,0.0,0.0
"Primary somatosensory area, barrel field, layer 1",0.0,0.0,0.0,0.409445,0.506056,0.915501,0.0,0.0
Fasciola cinerea,0.0,0.0,0.0,0.034619,0.0367759999999999,0.0713949999999999,0.0,0.0
"corpus callosum, splenium",0.0,0.0,0.0,0.436716,0.4326239999999999,0.86934,0.0,0.0
"Ventral auditory area, layer 4",0.0,0.0,0.0,0.1069099999999999,0.080977,0.1878869999999999,0.0,0.0
"Agranular insular area, dorsal part, layer 1",0.0,0.0,0.0,0.22136,0.1804309999999999,0.401791,0.0,0.0
Fundus of striatum,0.0,0.0,0.0,0.234282,0.22773,0.462012,0.0,0.0
Ventral premammillary nucleus,0.0,0.0,0.0,0.0969449999999999,0.097604,0.1945489999999999,0.0,0.0
"Primary auditory area, layer 6b",0.0,0.0,0.0,0.026101,0.02848,0.054581,0.0,0.0
"Primary somatosensory area, trunk, layer 1",0.0,0.0,0.0,0.0771,0.098663,0.175763,0.0,0.0
Simple lobule,0.0,0.0,0.0,2.94523,3.217315,6.162545,0.0,0.0
"Visceral area, layer 4",0.0,0.0,0.0,0.0899539999999999,0.07289,0.162844,0.0,0.0
olfactory nerve layer of main olfactory bulb,0.0,0.0,0.0,1.179346,1.124841,2.304187,0.0,0.0
"Secondary motor area, layer 6a",0.0,0.0,0.0,1.463298,1.5840489999999998,3.047347,0.0,0.0
"Globus pallidus, external segment",0.0,0.0,0.0,1.057712,0.992794,2.050506,0.0,0.0
Paramedian lobule,0.0,0.0,0.0,0.717052,1.120067,1.837119,0.0,0.0
"Primary somatosensory area, upper limb, layer 6b",0.0,0.0,0.0,0.044605,0.0505069999999999,0.095112,0.0,0.0
Posterior limiting nucleus of the thalamus,0.0,0.0,0.0,0.1203539999999999,0.1168869999999999,0.2372409999999999,0.0,0.0
"Primary somatosensory area, lower limb, layer 1",0.0,0.0,0.0,0.140909,0.1703579999999999,0.3112669999999999,0.0,0.0
"Globus pallidus, internal segment",0.0,0.0,0.0,0.273403,0.241663,0.515066,0.0,0.0
Copula pyramidis,0.0,0.0,0.0,0.5566519999999999,0.6194839999999999,1.1761359999999998,0.0,0.0
"Supplemental somatosensory area, layer 4",0.0,0.0,0.0,0.5981679999999999,0.577955,1.176123,0.0,0.0
Paraflocculus,0.0,0.0,0.0,2.250486,2.345669,4.596155,0.0,0.0
crossed tectospinal pathway,0.0,0.0,0.0,0.2670039999999999,0.268552,0.5355559999999999,0.0,0.0
Peripeduncular nucleus,0.0,0.0,0.0,0.043653,0.0413199999999999,0.0849729999999999,0.0,0.0
Ectorhinal area/Layer 6b,0.0,0.0,0.0,0.030125,0.027561,0.057686,0.0,0.0
Gigantocellular reticular nucleus,0.0,0.0,0.0,1.465477,1.441002,2.906479,0.0,0.0
Flocculus,0.0,0.0,0.0,0.624077,0.7194689999999999,1.343546,0.0,0.0
direct tectospinal pathway,0.0,0.0,0.0,2e-06,0.0,2e-06,0.0,
Pedunculopontine nucleus,0.0,0.0,0.0,0.548638,0.541071,1.089709,0.0,0.0
"Infralimbic area, layer 6a",0.0,0.0,0.0,0.0987,0.105471,0.204171,0.0,0.0
"Visceral area, layer 5",0.0,0.0,0.0,0.4049279999999999,0.3094139999999999,0.7143419999999999,0.0,0.0
doral tegmental decussation,0.0,0.0,0.0,0.003253,0.0034449999999999,0.0066979999999999,0.0,0.0
Posterior pretectal nucleus,0.0,0.0,0.0,0.0782149999999999,0.080978,0.1591929999999999,0.0,0.0
"Primary somatosensory area, barrel field, layer 6b",0.0,0.0,0.0,0.091719,0.094479,0.1861979999999999,0.0,0.0
Crus 2,0.0,0.0,0.0,1.3432929999999998,1.5023689999999998,2.845662,0.0,0.0
Parapyramidal nucleus,0.0,0.0,0.0,0.051482,0.049981,0.101463,0.0,0.0
"Medial geniculate complex, dorsal part",0.0,0.0,0.0,0.105946,0.101077,0.207023,0.0,0.0
"Anterolateral visual area, layer 1",0.0,0.0,0.0,0.0546059999999999,0.066818,0.121424,0.0,0.0
"Medial geniculate complex, ventral part",0.0,0.0,0.0,0.1699149999999999,0.164412,0.334327,0.0,0.0
"Infralimbic area, layer 6b",0.0,0.0,0.0,0.005207,0.006127,0.011334,0.0,0.0
Presubiculum,0.0,0.0,0.0,0.518071,0.584737,1.102808,0.0,0.0
"Secondary motor area, layer 6b",0.0,0.0,0.0,0.0457039999999999,0.0491459999999999,0.0948499999999999,0.0,0.0
"Primary somatosensory area, trunk, layer 4",0.0,0.0,0.0,0.070717,0.078049,0.148766,0.0,0.0
"Medial geniculate complex, medial part",0.0,0.0,0.0,0.145637,0.145558,0.291195,0.0,0.0
Hippocampal formation,0.0,0.0,0.0,0.2425399999999999,0.239675,0.4822149999999999,0.0,0.0
Lobules IV-V,0.0,0.0,0.0,3.952223,4.148228,8.100451,0.0,0.0
external medullary lamina of the thalamus,0.0,0.0,0.0,0.065195,0.0648359999999999,0.130031,0.0,0.0
"Primary somatosensory area, lower limb, layer 4",0.0,0.0,0.0,0.135563,0.146921,0.2824839999999999,0.0,0.0
"Anteromedial nucleus, dorsal part",0.0,0.0,0.0,0.146233,0.137825,0.284058,0.0,0.0
"Agranular insular area, dorsal part, layer 5",0.0,0.0,0.0,0.7390319999999999,0.613368,1.3523999999999998,0.0,0.0
"Primary somatosensory area, mouth, layer 6a",0.0,0.0,0.0,0.8474619999999999,0.8276749999999999,1.675137,0.0,0.0
Intercalated amygdalar nucleus,0.0,0.0,0.0,0.1018709999999999,0.088646,0.190517,0.0,0.0
"Visceral area, layer 2/3",0.0,0.0,0.0,0.2447349999999999,0.2001099999999999,0.4448449999999999,0.0,0.0
genu of corpus callosum,0.0,0.0,0.0,0.515613,0.517909,1.033522,0.0,0.0
Parastrial nucleus,0.0,0.0,0.0,0.0583799999999999,0.054264,0.112644,0.0,0.0
Interanterodorsal nucleus of the thalamus,0.0,0.0,0.0,0.066796,0.0629779999999999,0.129774,0.0,0.0
genu of the facial nerve,0.0,0.0,0.0,0.0146539999999999,0.0140419999999999,0.028696,0.0,0.0
Interanteromedial nucleus of the thalamus,0.0,0.0,0.0,0.029199,0.0288679999999999,0.0580669999999999,0.0,0.0
"Entorhinal area, lateral part, layer 1",0.0,0.0,0.0,0.539971,0.485983,1.025954,0.0,0.0
inferior cerebellar peduncle,0.0,0.0,0.0,0.326047,0.3220469999999999,0.648094,0.0,0.0
"Tuberomammillary nucleus, dorsal part",0.0,0.0,0.0,0.012102,0.012081,0.024183,0.0,0.0
"Primary somatosensory area, lower limb, layer 5",0.0,0.0,0.0,0.279528,0.3003909999999999,0.579919,0.0,0.0
"Nucleus of the lateral olfactory tract, layer 3",0.0,0.0,0.0,0.033518,0.0266409999999999,0.060159,0.0,0.0
Median eminence,0.0,0.0,0.0,0.0277779999999999,0.028845,0.0566229999999999,0.0,0.0
"Dentate gyrus, molecular layer",0.0,0.0,0.0,2.556093,2.597917,5.15401,0.0,0.0
"Dentate gyrus, polymorph layer",0.0,0.0,0.0,0.356523,0.359421,0.7159439999999999,0.0,0.0
"Primary somatosensory area, unassigned, layer 1",0.0,0.0,0.0,0.083711,0.0976939999999999,0.1814049999999999,0.0,0.0
"Primary somatosensory area, unassigned, layer 2/3",0.0,0.0,0.0,0.169698,0.1948079999999999,0.364506,0.0,0.0
"Primary somatosensory area, unassigned, layer 4",0.0,0.0,0.0,0.104615,0.112855,0.21747,0.0,0.0
"Primary somatosensory area, unassigned, layer 5",0.0,0.0,0.0,0.152066,0.157903,0.309969,0.0,0.0
"Primary somatosensory area, unassigned, layer 6a",0.0,0.0,0.0,0.180977,0.20736,0.388337,0.0,0.0
"Primary somatosensory area, unassigned, layer 6b",0.0,0.0,0.0,0.015486,0.018393,0.033879,0.0,0.0
"Anterior area, layer 1",0.0,0.0,0.0,0.088669,0.115698,0.204367,0.0,0.0
"Anterior area, layer 6b",0.0,0.0,0.0,0.023246,0.023465,0.046711,0.0,0.0
"Laterointermediate area, layer 1",0.0,0.0,0.0,0.035065,0.037777,0.0728419999999999,0.0,0.0
"Laterointermediate area, layer 6b",0.0,0.0,0.0,0.008293,0.008849,0.0171419999999999,0.0,0.0
"Rostrolateral area, layer 1",0.0,0.0,0.0,0.0847909999999999,0.121321,0.206112,0.0,0.0
"Rostrolateral area, layer 2/3",0.0,0.0,0.0,0.144728,0.206477,0.351205,0.0,0.0
"Rostrolateral area, layer 6b",0.0,0.0,0.0,0.015875,0.01786,0.033735,0.0,0.0
"Postrhinal area, layer 1",0.0,0.0,0.0,0.110315,0.111439,0.221754,0.0,0.0
"Postrhinal area, layer 2/3",0.0,0.0,0.0,0.1767109999999999,0.174616,0.3513269999999999,0.0,0.0
Prosubiculum,0.0,0.0,0.0,0.953019,0.905129,1.858148,0.0,0.0
"corpus callosum, body",0.0,0.0,0.0,1.666161,1.774523,3.440684,0.0,0.0
auditory radiation,0.0,0.0,0.0,0.2358249999999999,0.230767,0.466592,0.0,0.0
commissural branch of stria terminalis,0.0,0.0,0.0,0.020867,0.0174649999999999,0.038332,0.0,0.0
"Frontal pole, layer 5",0.0,0.0,0.0,0.1913669999999999,0.15863,0.349997,0.0,0.0
"Frontal pole, layer 6a",0.0,0.0,0.0,0.060391,0.0748839999999999,0.1352749999999999,0.0,0.0
"Frontal pole, layer 6b",0.0,0.0,0.0,0.000503,0.00062,0.0011229999999999,0.0,0.0
"Orbital area, medial part, layer 6b",0.0,0.0,0.0,0.0018239999999999,0.002169,0.003993,0.0,0.0
Retroparafascicular nucleus,0.0,0.0,0.0,0.037533,0.041055,0.0785879999999999,0.0,0.0
Medial accesory oculomotor nucleus,0.0,0.0,0.0,0.0097489999999999,0.010261,0.02001,0.0,0.0
Peritrigeminal zone,0.0,0.0,0.0,0.1893699999999999,0.198626,0.387996,0.0,0.0
Accessory trigeminal nucleus,0.0,0.0,0.0,0.007796,0.0085139999999999,0.0163099999999999,0.0,0.0
Parvicellular motor 5 nucleus,0.0,0.0,0.0,0.044686,0.040333,0.085019,0.0,0.0
Intertrigeminal nucleus,0.0,0.0,0.0,0.032541,0.039917,0.072458,0.0,0.0
Ethmoid nucleus of the thalamus,0.0,0.0,0.0,0.138931,0.135261,0.274192,0.0,0.0
Posterior intralaminar thalamic nucleus,0.0,0.0,0.0,0.11173,0.1128059999999999,0.2245359999999999,0.0,0.0
Posterior triangular thalamic nucleus,0.0,0.0,0.0,0.16755,0.158085,0.325635,0.0,0.0
Intermediate geniculate nucleus,0.0,0.0,0.0,0.0142359999999999,0.0149729999999999,0.029209,0.0,0.0
Ventromedial preoptic nucleus,0.0,0.0,0.0,0.022112,0.0214859999999999,0.043598,0.0,0.0
Perifornical nucleus,0.0,0.0,0.0,0.116864,0.1207729999999999,0.237637,0.0,0.0
Hippocampo-amygdalar transition area,0.0,0.0,0.0,0.237808,0.227148,0.464956,0.0,0.0
Paratrigeminal nucleus,0.0,0.0,0.0,0.000137,0.00945,0.009587,0.0,0.0
Vestibulocerebellar nucleus,0.0,0.0,0.0,0.05531,0.045343,0.1006529999999999,0.0,0.0
Subcommissural organ,0.0,0.0,0.0,0.0069549999999999,0.008735,0.01569,0.0,0.0
Posterodorsal tegmental nucleus,0.0,0.0,0.0,0.024147,0.023814,0.047961,0.0,0.0
"Medial mammillary nucleus, lateral part",0.0,0.0,0.0,0.125333,0.1379689999999999,0.263302,0.0,0.0
"Medial mammillary nucleus, medial part",0.0,0.0,0.0,0.078023,0.081623,0.159646,0.0,0.0
"Medial mammillary nucleus, posterior part",0.0,0.0,0.0,0.0159249999999999,0.017504,0.033429,0.0,0.0
"Medial mammillary nucleus, dorsal part",0.0,0.0,0.0,0.0383849999999999,0.039973,0.078358,0.0,0.0
Paratrochlear nucleus,0.0,0.0,0.0,0.008868,0.008772,0.01764,0.0,0.0
Paranigral nucleus,0.0,0.0,0.0,0.0155979999999999,0.014275,0.0298729999999999,0.0,0.0
"Interpeduncular nucleus, rostral",0.0,0.0,0.0,0.053957,0.0583049999999999,0.112262,0.0,0.0
"Interpeduncular nucleus, caudal",0.0,0.0,0.0,0.042494,0.0468079999999999,0.0893019999999999,0.0,0.0
"Interpeduncular nucleus, apical",0.0,0.0,0.0,0.017418,0.0204069999999999,0.037825,0.0,0.0
"Interpeduncular nucleus, lateral",0.0,0.0,0.0,0.039338,0.035952,0.07529,0.0,0.0
"Interpeduncular nucleus, intermediate",0.0,0.0,0.0,0.021008,0.019483,0.040491,0.0,0.0
"Interpeduncular nucleus, dorsomedial",0.0,0.0,0.0,0.014667,0.0141199999999999,0.028787,0.0,0.0
"Interpeduncular nucleus, dorsolateral",0.0,0.0,0.0,0.0279969999999999,0.026029,0.054026,0.0,0.0
"Interpeduncular nucleus, rostrolateral",0.0,0.0,0.0,0.013748,0.012768,0.0265159999999999,0.0,0.0
Supraoculomotor periaqueductal gray,0.0,0.0,0.0,0.025921,0.0236889999999999,0.04961,0.0,0.0
